DC_F_BUS,DC_T_BUS,DC_BR_STATUS,DC_PF,DC_PT,DC_QF,DC_QT,DC_VF,DC_VT,DC_PMIN,DC_PMAX,DC_QMINF,DC_QMAXF,DC_QMINT,DC_QMAXT,LOSS0,LOSS1
21,80,1,12.666667,0,0,0,1.01,1,-530,530,-100,100,-100,100,0,0
124,79,1,660,0,0,0,1.01,1,-660,660,-100,100,-100,100,0,0
125,81,1,599.166667,0,0,0,1.01,1,-660,660,-100,100,-100,100,0,0
125,81,1,223.166667,0,0,0,1.01,1,-660,660,-100,100,-100,100,0,0
